status,type,title,name,catSlug,gd_key,
1,featured,,,,2PACX-1vQXFsqwDGOkIfFgn3Z6IQjfEl8gU3S7qZm7T0nPVKO3_ZYSNnFXDFM34tVMl2RLN7BJwPyJHc-NuEzI,
1,category,Tin Tức,Thể Thao,news-sports,2PACX-1vQCj1aVsRz6JM7QfSFQa4r23jtolVrV9m9pI6hRm_o_cIOYN_BlB1j_sz9YBERdIUX2qBjTbDd0pgMZ,2PACX-1vQCj1aVsRz6JM7QfSFQa4r23jtolVrV9m9pI6hRm---o---cIOYN---BlB1j---sz9YBERdIUX2qBjTbDd0pgMZ
1,category,Tin Tức,Thời Sự,news-top-stories,2PACX-1vRNMbyovg0ba633bya5G-iMDsCOfKsntNmNoVl83YmUXRX2p8gFKl-UXcrjsnhZ4wnPbN9fc9lKQHTN,2PACX-1vRNMbyovg0ba633bya5G-iMDsCOfKsntNmNoVl83YmUXRX2p8gFKl-UXcrjsnhZ4wnPbN9fc9lKQHTN
1,category,Tin Tức,Giải Trí,news-entertainment,2PACX-1vQ0zCv4zK6DesZDbdBpAXujqDCCI2IxKsxcdmO3S_J9ukYS87whj0_cq2PMmWyQZsTibbZp9Ky3efFy,2PACX-1vQ0zCv4zK6DesZDbdBpAXujqDCCI2IxKsxcdmO3S---J9ukYS87whj0---cq2PMmWyQZsTibbZp9Ky3efFy
1,category,Tin Tức,Kinh Doanh,news-business,2PACX-1vTH_6Ekd9D_7pAftHkD7xMc5m-ZXSqDkW23AuD-BWwXB3yOqE2BC0MELayixVc5bCD9IiAdTwDdywBo,2PACX-1vTH---6Ekd9D---7pAftHkD7xMc5m-ZXSqDkW23AuD-BWwXB3yOqE2BC0MELayixVc5bCD9IiAdTwDdywBo
1,category,Tin Tức,Thế Giới,news-world,2PACX-1vTk-4pVdSIaxOA8gbGT9pf23Lolhs6F9bS4dni-4jjDZsoIcG01Hhj7o4MNWYUJoKq3bozLL79cTuD9,2PACX-1vTk-4pVdSIaxOA8gbGT9pf23Lolhs6F9bS4dni-4jjDZsoIcG01Hhj7o4MNWYUJoKq3bozLL79cTuD9
1,category,Tin Tức,Công Nghệ,news-technology,2PACX-1vQ-zOegJBouE1B60eHS1Ty48DeqFVaTwrl3lioViYIZ7XuGit03l8pRqlCI0T3QugHK2XdW4uQl1FUV,2PACX-1vQ-zOegJBouE1B60eHS1Ty48DeqFVaTwrl3lioViYIZ7XuGit03l8pRqlCI0T3QugHK2XdW4uQl1FUV
1,category,Tin Tức,Khoa Học,news-science,2PACX-1vSqu3XZJpk9BD2AE1HufDXOKhSa3p5PEYbkfVXop--cxNefO_Wb8Tu2d20SJxWtEovYx6H9LHG-YbE7,2PACX-1vSqu3XZJpk9BD2AE1HufDXOKhSa3p5PEYbkfVXop--cxNefO---Wb8Tu2d20SJxWtEovYx6H9LHG-YbE7
1,category,Tin Tức,Sức Khỏe,news-health,2PACX-1vTm2DxG3JexDgF4ql6sgvnLwtTEizU0eUvZ9NPub9SxBoDM3fhQ1Q_3d9SsI3qYA7Y3jJOoXhGEJUqM,2PACX-1vTm2DxG3JexDgF4ql6sgvnLwtTEizU0eUvZ9NPub9SxBoDM3fhQ1Q---3d9SsI3qYA7Y3jJOoXhGEJUqM
1,category,Tin Tức,Phóng Sự,news-phongsu,2PACX-1vQf-HjP_bWsERKZlV-v8i2TVM1ZXS_TDvA-kUH5dF9Hj9x_tGwnV9X83Zhtw0xdhk98inANLXaChckd,2PACX-1vQf-HjP---bWsERKZlV-v8i2TVM1ZXS---TDvA-kUH5dF9Hj9x---tGwnV9X83Zhtw0xdhk98inANLXaChckd
1,category,Tin Tức,Mẹo Vặt,news-meovat,2PACX-1vRLW0nlHOYKyYi__58ubJdROLKuefVimFzjGMo0mLjBNMz1aRSCk0BzySLU9M5H1G8NlN7dKxywamem,2PACX-1vRLW0nlHOYKyYi------58ubJdROLKuefVimFzjGMo0mLjBNMz1aRSCk0BzySLU9M5H1G8NlN7dKxywamem
1,category,Tin Tức,Ẩm Thực,news-amthuc,2PACX-1vSMXjO5_cFIVSV0xtFf2Rcp9-a-f1RaJOriqXGZcIFV1FBFa_vIU-m_ZgZbSjWCioKaXWjL3VTyUo3G,2PACX-1vSMXjO5---cFIVSV0xtFf2Rcp9-a-f1RaJOriqXGZcIFV1FBFa---vIU-m---ZgZbSjWCioKaXWjL3VTyUo3G
1,category,Tin Tức,Pháp Luật,news-phapluat,2PACX-1vSsxNUPOwnrn-leQyZwlHF3QOjlECF7gSSX_AjMOyrrJRhnhvTMO7K4Cm5yx9hJrLKn4b_jth9xo1Xd,2PACX-1vSsxNUPOwnrn-leQyZwlHF3QOjlECF7gSSX---AjMOyrrJRhnhvTMO7K4Cm5yx9hJrLKn4b---jth9xo1Xd
1,category,Tin Tức,Xuất Bản,news-xuatban,2PACX-1vTvKOIYjfvMsbSJwJohgTyFBO5t1vradWLG8NWq-NBNSLatWfB-bXV6rvehXKCXnvKkdPRi8iMLdA_M,2PACX-1vTvKOIYjfvMsbSJwJohgTyFBO5t1vradWLG8NWq-NBNSLatWfB-bXV6rvehXKCXnvKkdPRi8iMLdA---M
1,category,Tin Tức,Âm Nhạc,news-amnhac,2PACX-1vTUluEhM2e8CyhzsJSMJoAyWc6NQuikL3CABSN1RedpBZsNjJk5QXuFewLIUQw5-g7rn4LBTAi_Es_c,
1,category,Tin Tức,Phim Ảnh,news-phimanh,2PACX-1vSzffYqmEEEZKlLbhlhXWpnWc3GEhuZhk6jWxmv46j47Odj6hkYU8leeXGqJUDi9dcwAuiHwDYlK6Zv,
1,category,Tin Tức,Thời Trang,news-thoitrang,2PACX-1vR6-L209hD1qXZVrbrAHUUh1hIfe9uuT0ml7GX8r9MSm6S6fn4IuVhaWLoAd48gGcLY_gi0k0z1XuGN,
1,category,Tin Tức,Sống Trẻ,news-songtre,2PACX-1vTPv--XhseMcK09jfpNqN4Vcmb-JJPyckL_x2GGHe-Ol4RE25b-68R_wykQEz_tkS5GmpsBYGLmMvgr,
1,category,Tin Tức,Giáo Dục,news-giaoduc,2PACX-1vRdn9Ty13Io7XHp4OOad8pFPXQiiZSlb2CNviciIFN5GC6LIA7OEdRH8SgPPnUnUNtjW0zOol8269EI,
1,category,Tin Tức,Du Lịch,news-dulich,2PACX-1vR3tFBeB8t3KT06LJEY6t4EWih6dYJAc-Puz8JzPS2xmZqPo4eMI9G1hcV7DMqFEfNW88VxQz0sRmfx,
1,category,Tin Tức,Nhịp Sống,news-nhipsong,2PACX-1vTx5KFQVY6KlAMNXYWzAZLX5BmHfrWq0duswhIyXLz4efeRH5ASYyihVLjnsdfeQMV7LgOO2zRKrVXv,
1,category,Tin Tức,Xe,news-xe,2PACX-1vTCdNeUlCn7y6gifKqO3oL7lJBegBskh-LTPrRxDs1Znh2vexXz6Pvzo4V-S478a2ETcPZrM1TZ9hWR,