status,name,value
1,c|news-amthuc*1,2PACX-1vS7HhiYQInpJWJwpJdtWp4xXDpc_H6RoFiERFzKM0r6L7i5vKwQqCTjUhbcPGKpiAV2my5dD1BD7bkO
1,c|news-amthuc*2,2PACX-1vSPQW14c0lYyJ7TIkqXR45DA8xS-5t86at-2J3Jf6gv-grxFfAyHbJvcjOpODL9UivfxIvPxFx_kLss
1,c|news-amthuc*3,2PACX-1vRqiX-nn0zEggWSA2A_xdWdVAEl6uJ0SKeZBlSTmEoI-7gvgXOsev0nygFRDYK3pa3q0m2liKN4ORik
1,c|news-amthuc*4,2PACX-1vTe1-vZOBPAfzaVnH9dMSOtl1dwfGvLVA2zZTAGtu-TYyC5-V5i-nTieH6r3kGITEA-YCpNIMVcDLVE
1,c|news-amthuc*5,2PACX-1vTVMc3imAHT6effO9kiEGvR7OLumtg75yLF73hMcnyKw0ylYRJJliUaKyiXhfM8XNvO9SsdVDy69t2H
1,c|news-amthuc*6,2PACX-1vTKt64qxaoZQSN--lHmg2mMA6wYC0sbqqH2httzmzD2U3g9zUQnrq8s9j4Vs7XTBTDxY2c2bAJNwCKn
1,c|news-amthuc*7,2PACX-1vQRCTDmnqZH0OVnnQSXY_QkVdm2fCuogatgvuLRbZ8_uu4DdGY7HILT-SlTzROv2icfKeTVCgpmSZUx
1,c|news-amthuc*8,2PACX-1vSYpEmO43MxouTUqCTNQqYPe11AHohzrHyUA5b2EnkvitJWqMdBVX7pgHD62pJnFFVMZPHH5FVmlIm6
1,c|news-amthuc*9,2PACX-1vSMbTUNDz-mrIvDPYrwI820fTk9WleXMU56YoUl3HCpcaB-9nuCfoGm29XwDILX1panecEmnAsTVBp_
1,c|news-top-stories*1,2PACX-1vQbxD-ldk65WyVjInOdFiTkA5KQ7DIKzb3fqL0yYiARkeZo58vdOnzLYZAN_UkPYuIIZ_OYk5Zh5KuG
1,c|news-top-stories*2,2PACX-1vQQ34KdqoOhQjDeHxwMgva_GOfdrKEMcYjNtGFcjtWlrEMChQ-d2nqoh5hMTaLBxs9d1_uV0ie6ArFb
1,c|news-top-stories*3,2PACX-1vRMELEmC19RYpkDK4fHfwhLMbN4vFwZW7pOgvGFPQn1-vYrPuCsECO1rHofi-wdytCYIWu5EPPzp95k
1,c|news-meovat*1,2PACX-1vQPfd84_NXtLvDnY5rAuya_b6BQWWVmS5pl-FpC6stE3VUbCK0FaE5hhdiG95WV8mAIKtmVOX89EMcS
1,c|news-meovat*2,2PACX-1vSUU40Wq8IvM4Rycj3KLRb77ubbIPUlqQY0dwhh9-_chQ9c9e440lFCxvwduoJjAB35XL2FGlMuQ46M
1,c|news-meovat*3,2PACX-1vSNXXsdDOIuLhNAUk11VPs7a3jHDbKHKxR3teAHQ8hKNhB-utL5ZMk0fG_V6avuRM10MiRYy8ceqJDO
1,c|news-business*1,2PACX-1vSu92e-doMDNC65IbA3CC9R2u2cFah4yUC08JLXb66lID0oGZh79mVWuZLJAdwvIL5qNazSA2d9DPqk
1,c|news-health*1,2PACX-1vSZm2WsgOGyYABSc7TygHtAg8ZzW45XlHtdrSF5lX6zZ1feChLEjnkWBcCV4WfPFAEBYBlZXoY35Wiq
1,c|news-entertainment*2,2PACX-1vR4EXBJmpGd4OGDCxUNwZLsVvVmILeNg8c4kwpCWV2OXKhg5JnGdiAoKpGI_KYkTOcxPj0Qwn4mjOmH
1,c|news-entertainment*1,2PACX-1vQS5bD-Q5GwXL1wvWOLRGjR29WA1hqrabNAAX_TldJmtp1M_4NyaZBu_h1TdsSwrN_tYVkqImo5SABF
1,c|news-nhipsong*1,2PACX-1vQrBAyfoO1z7BwQp37EJADXW2USOux3XieLrZ2Io5fJ_zY2drTGmAp9FXMDx9c8fUSyBfp0vJAHr2lO